region,season,soil_type,irrigation_type,previous_crop,field_area_ha,soil_ph,organic_matter_pct,nitrogen_kg_ha,phosphorus_kg_ha,potassium_kg_ha,avg_temp_c,rainfall_mm,solar_radiation_MJ_m2,pesticide_cost_usd_ha,seed_density_kg_ha,disease_pressure_index,growth_duration_days,lodging_risk_score,field_elevation_m,yield_tonnes_per_ha
Brahmaputra_Floodplains,Rabi,Loam,Canal_Flood,Fallow,3.78,7.16,3.26,94.6,60.1,99.3,24.1,1657,16.25,77.32,50.3,5.81,129,5.0,45.0,4.46
Godavari_Delta,Kharif,Silt_Loam,Tube_Well,Maize,3.61,6.54,3.09,114.1,54.9,88.4,29.8,1347,16.08,69.01,50.9,3.41,135,10.34,22.6,5.79
Godavari_Delta,Kharif,Silt_Loam,Canal_Flood,Sugarcane,1.43,6.44,2.63,135.1,37.1,63.0,28.7,1358,16.1,67.79,58.0,5.12,133,5.97,35.9,5.3
Godavari_Delta,Rabi,Loam,Tube_Well,Maize,2.99,6.45,2.25,91.0,55.2,64.6,26.5,1301,15.0,67.54,55.7,4.13,134,5.23,18.2,4.8
Kaveri_Basin,Kharif,Sandy_Loam,Tube_Well,Sugarcane,1.5,6.36,2.43,105.5,57.5,78.9,29.4,967,16.17,64.54,56.9,4.73,126,3.37,7.6,5.61
Kaveri_Basin,Rabi,Silt_Loam,Tube_Well,Sugarcane,2.04,6.69,2.58,99.6,57.7,80.0,26.5,999,15.25,71.37,49.5,2.38,143,8.81,10.4,4.98
Godavari_Delta,Kharif,Sandy_Loam,Drip,Pulses,3.78,6.49,2.61,125.5,52.7,68.1,28.2,1365,15.77,94.42,50.1,0.55,137,6.17,19.9,5.54
Mahanadi_Delta,Kharif,Sandy_Loam,Canal_Flood,Fallow,3.17,6.18,1.94,114.3,58.0,95.7,26.6,1453,16.15,32.17,51.2,5.52,134,4.61,20.6,4.68
Kaveri_Basin,Kharif,Loam,Tube_Well,Maize,4.15,7.45,1.8,127.8,53.7,86.2,29.1,1118,16.17,58.25,68.1,5.17,146,1.18,17.1,5.04
Brahmaputra_Floodplains,Kharif,Silt_Loam,Drip,Pulses,4.88,6.54,2.47,130.6,37.2,74.4,25.4,1776,16.69,44.24,45.5,2.6,135,1.0,36.6,5.5
Mahanadi_Delta,Rabi,Sandy_Loam,Tube_Well,Sugarcane,2.22,6.42,1.82,111.8,60.8,57.7,25.8,1167,14.64,81.92,59.0,4.45,132,6.95,38.2,4.53
Krishna_Delta,Rabi,Silt_Loam,Drip,Maize,2.86,6.96,3.87,103.8,65.6,76.8,28.5,984,16.67,69.72,53.4,0.08,133,4.66,19.1,6.28
Kaveri_Basin,Kharif,Clay,Drip,Pulses,4.7,6.1,4.12,142.9,56.3,90.0,29.0,937,16.39,76.64,56.6,2.79,133,9.83,16.6,5.82
Kaveri_Basin,Kharif,Clay,Canal_Flood,Cotton,2.42,6.2,3.28,83.8,49.7,80.4,27.7,951,16.06,59.53,49.2,2.65,140,4.74,7.3,4.74
Brahmaputra_Floodplains,Rabi,Loam,Canal_Flood,Fallow,4.17,6.61,3.4,74.1,71.0,79.1,24.2,1375,13.45,45.26,47.6,3.59,139,5.69,42.4,4.07
Krishna_Delta,Rabi,Loam,Canal_Flood,Fallow,3.61,5.99,3.21,75.4,55.2,92.4,27.8,964,16.95,60.0,58.0,4.69,125,7.41,13.1,4.63
Kaveri_Basin,Kharif,Sandy_Loam,Canal_Flood,Pulses,4.4,6.96,2.51,165.3,49.9,69.7,27.4,1160,16.45,68.36,65.5,5.51,138,4.92,26.0,6.42
Krishna_Delta,Rabi,Clay,Canal_Flood,Cotton,2.06,6.74,3.42,105.1,67.7,115.5,25.8,1111,13.79,65.85,61.7,2.2,129,7.68,22.4,5.07
Kaveri_Basin,Kharif,Clay,Drip,Pulses,3.3,5.64,2.85,153.8,43.6,72.5,27.9,1025,16.64,53.76,46.4,3.21,133,4.57,5.0,6.22
Krishna_Delta,Kharif,Loam,Drip,Cotton,4.45,6.6,2.41,88.8,51.4,83.5,29.4,1255,15.35,67.7,54.2,4.29,138,12.0,21.5,5.2
Kaveri_Basin,Kharif,Silt_Loam,Tube_Well,Sugarcane,3.06,6.53,2.54,121.5,49.8,77.8,29.8,978,15.35,67.34,47.5,4.71,128,5.67,20.3,5.68
Godavari_Delta,Kharif,Silt_Loam,Tube_Well,Pulses,3.65,6.01,4.18,131.9,52.0,72.7,29.9,1412,16.96,59.75,45.3,6.37,142,6.32,14.3,6.19
Krishna_Delta,Rabi,Clay,Canal_Flood,Cotton,5.3,6.15,3.52,99.8,63.6,79.5,28.4,917,14.36,67.25,51.5,2.13,129,8.51,23.1,4.59
Brahmaputra_Floodplains,Kharif,Loam,Canal_Flood,Sugarcane,2.06,6.91,2.38,122.2,49.6,85.3,27.0,1636,15.77,69.44,46.6,3.58,130,2.73,47.6,5.0
Krishna_Delta,Summer,Clay,Canal_Flood,Maize,1.54,6.26,3.54,91.6,72.5,83.4,31.7,1196,17.4,41.51,49.5,3.71,118,3.32,18.0,4.21
Kaveri_Basin,Kharif,Clay,Drip,Pulses,1.85,6.59,3.01,140.1,51.7,60.1,28.1,1083,17.2,85.46,44.0,3.15,136,4.7,14.7,6.33
Brahmaputra_Floodplains,Rabi,Silt_Loam,Canal_Flood,Fallow,3.08,6.22,2.68,121.8,65.0,77.6,26.2,1441,14.88,51.16,56.7,4.79,128,4.76,33.9,5.61
Mahanadi_Delta,Kharif,Loam,Tube_Well,Maize,3.39,6.8,2.67,125.0,69.8,89.4,28.7,1591,14.94,62.12,43.8,4.06,138,3.76,30.4,5.07
Godavari_Delta,Kharif,Sandy_Loam,Tube_Well,Pulses,1.6,5.62,2.57,143.0,46.8,79.3,29.4,1495,17.26,82.13,48.2,3.78,146,7.08,23.1,5.56
Godavari_Delta,Kharif,Clay,Canal_Flood,Maize,4.41,5.89,3.01,107.4,69.3,73.1,27.8,1497,17.63,31.87,48.3,4.88,139,8.56,27.5,4.6
Krishna_Delta,Rabi,Loam,Tube_Well,Cotton,3.8,6.82,2.61,74.6,44.9,67.0,28.9,901,13.56,57.85,46.1,3.15,123,6.08,20.0,4.04
Mahanadi_Delta,Kharif,Loam,Canal_Flood,Fallow,3.07,6.73,2.74,119.4,58.8,89.2,28.6,1306,15.19,38.94,50.3,3.19,149,4.4,40.2,5.62
Mahanadi_Delta,Rabi,Sandy_Loam,Drip,Pulses,3.22,6.4,2.38,112.3,54.0,75.6,24.3,1169,14.94,54.06,51.6,0.56,128,3.16,36.4,5.3
Brahmaputra_Floodplains,Rabi,Silt_Loam,Canal_Flood,Fallow,1.81,6.86,3.68,78.5,50.5,68.1,25.3,1388,15.39,53.17,54.2,2.18,133,5.34,35.6,4.66
Mahanadi_Delta,Rabi,Loam,Drip,Maize,1.72,6.99,2.86,75.6,38.6,80.2,24.9,1344,15.32,74.52,59.0,2.27,129,5.55,35.3,4.96
Kaveri_Basin,Kharif,Clay,Tube_Well,Sugarcane,4.17,6.07,2.82,97.8,46.7,85.3,27.6,1084,16.25,55.91,50.5,2.82,138,5.94,12.7,5.44
Brahmaputra_Floodplains,Kharif,Loam,Drip,Maize,3.23,6.74,3.25,110.1,60.1,67.7,27.9,1553,16.84,58.38,38.4,1.66,140,2.56,47.4,5.14
Brahmaputra_Floodplains,Summer,Clay,Drip,Fallow,3.79,6.81,3.63,87.0,59.6,82.2,29.1,1524,17.51,67.02,35.0,2.7,128,5.01,42.1,4.33
Kaveri_Basin,Kharif,Clay,Canal_Flood,Fallow,1.93,6.22,3.42,120.8,74.7,61.4,27.8,1006,15.8,97.18,51.2,3.42,128,5.51,5.0,6.01
Kaveri_Basin,Rabi,Sandy_Loam,Canal_Flood,Maize,2.6,6.3,2.21,106.0,67.1,75.8,26.1,827,14.67,98.74,53.4,3.86,139,1.0,14.7,3.98
Mahanadi_Delta,Summer,Loam,Canal_Flood,Pulses,3.84,6.83,2.71,109.2,58.5,68.1,31.4,1320,18.51,76.23,50.5,3.9,129,6.17,37.7,3.87
Krishna_Delta,Kharif,Sandy_Loam,Canal_Flood,Cotton,2.49,6.38,2.51,87.1,56.1,77.1,29.7,1362,15.6,74.14,59.9,5.25,132,8.55,23.1,4.03
Kaveri_Basin,Rabi,Silt_Loam,Canal_Flood,Cotton,3.68,6.4,2.61,74.3,38.9,80.1,25.0,840,14.95,65.26,52.4,3.0,127,7.45,8.6,3.67
Godavari_Delta,Kharif,Sandy_Loam,Canal_Flood,Sugarcane,3.85,6.03,3.19,127.5,47.0,89.3,29.9,1375,18.03,74.04,50.6,2.98,137,6.94,19.8,5.45
Kaveri_Basin,Kharif,Sandy_Loam,Drip,Maize,3.81,5.94,2.9,116.2,42.6,68.4,27.6,1132,17.61,34.86,43.1,3.74,136,3.19,22.2,4.62
Mahanadi_Delta,Kharif,Loam,Tube_Well,Fallow,3.09,7.21,2.73,120.3,73.0,71.5,26.6,1561,15.0,121.99,50.5,4.16,141,4.13,22.8,5.28
Kaveri_Basin,Kharif,Sandy_Loam,Tube_Well,Pulses,4.26,5.72,2.77,148.8,45.4,80.7,29.0,899,16.94,56.27,55.3,1.49,135,7.1,8.6,6.03
Kaveri_Basin,Kharif,Silt_Loam,Canal_Flood,Maize,3.19,6.1,2.89,106.3,65.4,92.4,29.4,1007,17.32,74.25,53.9,5.51,131,10.48,16.0,5.35
Godavari_Delta,Kharif,Clay,Drip,Cotton,4.33,6.2,3.38,127.9,47.5,71.0,29.8,1361,16.87,44.41,50.4,3.78,138,3.85,22.3,5.59
Kaveri_Basin,Kharif,Silt_Loam,Tube_Well,Pulses,2.28,6.91,3.61,149.9,52.4,64.0,29.4,1150,16.77,55.12,46.4,3.02,141,4.03,11.6,6.19
Krishna_Delta,Kharif,Sandy_Loam,Canal_Flood,Sugarcane,3.02,5.85,1.97,132.4,48.8,67.5,28.8,1078,15.94,67.91,54.2,3.83,140,7.38,17.9,5.31
Kaveri_Basin,Kharif,Loam,Canal_Flood,Fallow,1.78,6.64,3.27,102.2,71.8,88.2,25.9,1086,16.22,64.17,49.0,3.29,142,5.78,11.6,5.35
Brahmaputra_Floodplains,Rabi,Silt_Loam,Canal_Flood,Pulses,0.8,6.57,3.02,138.9,51.1,80.9,26.0,1470,16.28,61.78,51.6,3.5,133,3.44,47.6,5.28
Mahanadi_Delta,Rabi,Silt_Loam,Drip,Fallow,3.68,6.67,2.85,119.0,58.1,106.0,26.2,1411,14.24,77.87,43.1,5.47,135,5.4,29.9,5.52
Brahmaputra_Floodplains,Kharif,Clay,Canal_Flood,Pulses,3.89,6.29,3.29,145.8,67.7,83.6,25.5,1690,15.25,48.81,52.1,6.19,144,3.81,51.5,5.74
Krishna_Delta,Rabi,Loam,Drip,Cotton,3.83,6.97,3.11,115.3,49.0,65.1,29.4,1175,16.02,66.6,48.7,1.47,132,9.53,22.9,5.32
Kaveri_Basin,Rabi,Loam,Drip,Fallow,3.28,6.21,2.34,85.7,56.7,81.5,25.1,888,15.5,79.72,58.9,2.51,130,5.33,8.8,4.68
Krishna_Delta,Kharif,Silt_Loam,Drip,Fallow,3.19,6.15,2.44,133.3,54.2,75.5,28.8,1147,16.15,21.98,52.5,1.13,129,10.29,20.0,6.07
Brahmaputra_Floodplains,Rabi,Clay,Canal_Flood,Maize,3.93,6.62,3.04,119.1,58.0,88.9,23.5,1431,14.62,48.35,52.4,4.94,128,4.06,42.1,4.51
Krishna_Delta,Rabi,Sandy_Loam,Drip,Cotton,3.51,6.37,2.56,99.6,50.4,71.4,29.8,900,16.19,55.21,46.6,3.04,122,4.01,21.8,4.94
Krishna_Delta,Kharif,Clay,Canal_Flood,Sugarcane,4.03,6.38,2.32,108.7,49.4,66.2,29.0,1100,16.93,53.41,48.2,4.74,128,4.02,17.0,4.89
Krishna_Delta,Kharif,Silt_Loam,Tube_Well,Sugarcane,2.8,6.5,3.34,84.0,54.7,73.3,29.6,1275,16.29,87.59,51.4,2.47,141,5.86,20.0,5.66
Krishna_Delta,Rabi,Clay,Canal_Flood,Cotton,2.53,6.75,3.05,70.4,69.3,81.3,29.3,1010,15.27,65.76,57.5,4.15,130,6.99,13.4,4.69
Krishna_Delta,Summer,Sandy_Loam,Canal_Flood,Pulses,2.29,5.9,2.1,101.0,55.6,84.9,30.5,1220,17.57,57.66,53.1,6.97,129,6.08,24.4,4.85
Mahanadi_Delta,Rabi,Sandy_Loam,Drip,Cotton,0.8,6.58,2.71,90.3,71.8,87.0,27.3,1329,17.92,60.52,53.9,3.68,130,5.66,37.4,4.96
Kaveri_Basin,Rabi,Sandy_Loam,Drip,Maize,2.44,6.63,2.21,78.9,60.6,68.6,26.1,840,17.37,93.89,52.3,2.46,134,2.94,15.0,4.22
Krishna_Delta,Kharif,Sandy_Loam,Canal_Flood,Sugarcane,0.8,6.16,1.63,117.0,60.4,86.1,29.5,1277,16.95,65.03,60.4,4.68,143,5.61,30.7,5.63
Brahmaputra_Floodplains,Kharif,Loam,Canal_Flood,Fallow,2.07,7.04,2.44,100.7,44.3,94.4,27.2,1685,16.26,97.67,47.6,4.19,135,6.3,48.2,4.32
Brahmaputra_Floodplains,Kharif,Sandy_Loam,Tube_Well,Maize,3.08,6.96,2.52,122.5,51.0,87.1,27.0,1703,17.4,57.48,56.6,2.69,145,5.28,52.6,4.56
Mahanadi_Delta,Kharif,Clay,Tube_Well,Sugarcane,2.3,6.3,3.36,105.0,46.7,73.1,25.2,1539,14.74,68.09,50.3,2.63,137,5.29,34.6,4.86
Godavari_Delta,Kharif,Sandy_Loam,Canal_Flood,Cotton,1.69,5.79,2.04,77.5,51.4,84.1,29.6,1557,17.34,71.85,55.7,0.0,132,6.65,17.6,4.7
Godavari_Delta,Summer,Loam,Tube_Well,Pulses,4.1,6.7,3.31,127.6,45.0,73.7,32.5,1301,18.07,70.39,39.5,3.33,134,9.61,7.5,4.67
Brahmaputra_Floodplains,Rabi,Loam,Canal_Flood,Pulses,3.02,6.48,3.03,101.7,53.8,71.5,25.2,1480,15.74,57.74,45.0,5.35,131,6.07,44.0,5.0
Godavari_Delta,Rabi,Clay,Canal_Flood,Cotton,3.85,6.32,2.73,89.4,41.3,66.6,28.7,1355,15.18,63.83,51.0,5.45,135,4.93,19.0,4.17
Brahmaputra_Floodplains,Summer,Clay,Canal_Flood,Fallow,3.96,6.7,3.51,95.2,45.5,69.8,29.4,1521,19.23,97.6,47.1,2.74,133,7.23,34.6,3.87
Mahanadi_Delta,Kharif,Loam,Tube_Well,Fallow,2.89,6.52,2.54,112.3,61.4,95.8,28.1,1534,15.78,90.59,49.2,2.58,134,3.69,29.8,5.83
Mahanadi_Delta,Kharif,Loam,Canal_Flood,Sugarcane,2.11,6.26,2.7,114.8,41.7,91.8,27.5,1456,18.06,63.72,58.2,2.38,141,2.88,41.3,5.44
Brahmaputra_Floodplains,Rabi,Loam,Tube_Well,Cotton,3.3,6.94,1.45,76.1,64.1,77.9,24.4,1443,15.74,86.69,64.4,5.04,131,7.45,46.4,3.89
Mahanadi_Delta,Rabi,Loam,Tube_Well,Pulses,1.61,6.67,3.22,117.2,50.3,67.9,25.1,1244,16.29,70.65,51.8,0.0,134,5.12,37.4,5.47
Kaveri_Basin,Kharif,Silt_Loam,Drip,Sugarcane,2.09,6.39,2.82,117.2,71.6,88.8,27.4,1174,16.48,66.04,50.2,4.97,142,8.24,14.1,6.13
Brahmaputra_Floodplains,Kharif,Clay,Drip,Fallow,4.96,5.96,3.57,124.9,76.9,93.7,26.9,1746,17.34,46.93,52.2,3.85,136,1.59,45.5,5.99
Godavari_Delta,Kharif,Sandy_Loam,Canal_Flood,Maize,3.28,6.81,1.63,131.4,50.5,90.1,28.0,1307,17.02,83.78,54.8,6.65,136,5.43,14.9,4.97
Brahmaputra_Floodplains,Kharif,Silt_Loam,Canal_Flood,Fallow,1.44,6.39,4.13,109.3,53.7,81.4,25.9,1578,15.59,56.53,57.7,8.83,134,5.42,39.5,4.6
Krishna_Delta,Summer,Sandy_Loam,Drip,Maize,0.8,6.46,2.2,87.4,48.0,68.5,33.0,970,16.31,31.96,48.1,2.83,125,7.74,18.7,4.23
Godavari_Delta,Rabi,Clay,Drip,Fallow,3.1,6.11,3.02,85.3,50.7,66.0,28.4,1144,15.33,58.7,52.9,3.24,130,6.61,17.0,4.76
Brahmaputra_Floodplains,Kharif,Silt_Loam,Tube_Well,Sugarcane,2.86,6.4,3.21,121.4,76.3,60.8,27.0,1739,16.0,79.18,46.5,6.17,137,5.02,40.0,5.52
Mahanadi_Delta,Kharif,Clay,Drip,Cotton,3.87,6.43,3.65,91.9,70.2,71.2,27.1,1372,16.07,24.8,52.0,6.13,134,3.06,33.6,5.36
Kaveri_Basin,Rabi,Clay,Tube_Well,Sugarcane,1.75,5.95,3.4,98.4,64.9,77.2,26.8,834,15.68,84.77,59.4,2.66,130,6.05,13.7,4.83
Krishna_Delta,Rabi,Loam,Canal_Flood,Cotton,3.33,6.9,2.74,98.5,42.2,64.0,27.7,988,15.0,87.57,51.0,5.09,127,7.97,31.3,4.02
Krishna_Delta,Kharif,Clay,Tube_Well,Cotton,3.01,6.09,3.5,100.1,62.3,66.3,29.1,1219,15.44,58.49,54.2,0.44,135,6.42,18.7,5.38
Brahmaputra_Floodplains,Kharif,Loam,Tube_Well,Cotton,2.81,6.72,1.99,89.7,51.0,79.5,27.3,1680,17.12,72.33,58.0,6.86,132,2.26,45.7,4.17
Krishna_Delta,Kharif,Clay,Tube_Well,Fallow,4.45,6.07,3.02,101.2,66.0,71.0,28.9,1270,17.73,73.52,51.0,1.33,136,7.67,18.0,5.38
Kaveri_Basin,Kharif,Sandy_Loam,Tube_Well,Sugarcane,2.2,5.66,2.58,133.0,34.6,62.4,29.4,1025,14.62,82.75,43.9,2.56,137,3.64,10.8,4.84
Godavari_Delta,Kharif,Loam,Tube_Well,Fallow,3.25,6.86,2.45,139.6,40.4,75.7,28.4,1422,15.5,58.01,49.9,3.94,140,8.84,19.4,5.04
Krishna_Delta,Kharif,Silt_Loam,Canal_Flood,Fallow,2.8,6.74,2.37,113.9,52.5,65.1,28.9,1179,17.51,84.77,59.0,4.43,147,5.86,25.6,4.99
Kaveri_Basin,Kharif,Clay,Canal_Flood,Fallow,4.2,6.62,3.71,124.8,55.4,64.8,27.9,1119,16.2,69.65,52.1,7.06,135,5.56,5.0,5.16
Brahmaputra_Floodplains,Kharif,Silt_Loam,Tube_Well,Fallow,4.15,6.54,2.64,117.1,55.3,59.4,26.0,1540,18.47,78.58,51.3,2.04,133,7.6,38.9,5.01
Mahanadi_Delta,Kharif,Clay,Canal_Flood,Fallow,2.55,6.56,3.55,114.7,53.9,71.8,26.5,1501,17.19,65.03,52.9,4.97,139,9.11,29.6,5.29
Mahanadi_Delta,Summer,Sandy_Loam,Canal_Flood,Fallow,3.11,6.24,2.61,81.0,48.0,56.3,31.4,1483,16.78,71.28,63.4,3.74,131,6.73,31.4,4.02
Mahanadi_Delta,Rabi,Sandy_Loam,Drip,Maize,2.5,6.23,2.49,70.0,58.7,54.4,26.7,1266,15.25,61.05,57.2,1.14,129,6.56,43.8,3.95
Mahanadi_Delta,Summer,Loam,Tube_Well,Maize,2.27,6.49,3.07,83.8,49.8,92.2,31.2,1444,18.88,69.18,49.3,3.56,136,5.3,24.7,3.98
Brahmaputra_Floodplains,Summer,Silt_Loam,Tube_Well,Sugarcane,3.07,6.31,2.99,100.9,60.0,71.8,30.1,1466,19.15,78.0,43.7,3.61,126,4.5,42.7,4.4
Kaveri_Basin,Rabi,Clay,Drip,Cotton,3.49,6.53,3.69,76.8,60.9,72.3,27.2,941,15.03,43.64,44.9,1.43,136,4.05,6.9,4.76
Godavari_Delta,Kharif,Silt_Loam,Canal_Flood,Cotton,3.72,7.12,2.87,82.0,70.0,64.6,29.9,1463,15.23,61.93,51.4,4.35,135,9.27,20.3,4.74
Godavari_Delta,Kharif,Loam,Canal_Flood,Sugarcane,3.0,6.79,3.31,112.9,40.3,85.5,28.8,1487,15.98,74.13,48.5,6.09,141,6.04,13.6,4.76
Kaveri_Basin,Kharif,Loam,Drip,Sugarcane,3.19,6.44,1.88,117.8,55.0,65.0,27.6,1100,16.12,58.14,47.6,3.31,139,3.45,19.2,5.68
Kaveri_Basin,Rabi,Loam,Tube_Well,Fallow,2.76,6.63,2.87,96.6,53.1,85.0,26.3,936,15.18,93.96,46.3,6.68,142,7.16,24.8,3.61
Godavari_Delta,Rabi,Silt_Loam,Drip,Sugarcane,3.94,6.46,3.64,109.3,61.6,86.6,28.2,1184,13.77,36.6,56.7,1.55,136,8.35,18.8,5.68
Brahmaputra_Floodplains,Kharif,Sandy_Loam,Canal_Flood,Sugarcane,2.77,6.31,2.74,100.0,54.6,92.7,26.2,1726,16.42,49.2,64.2,5.92,134,7.08,39.2,4.73
Brahmaputra_Floodplains,Kharif,Loam,Tube_Well,Maize,2.09,6.57,2.52,114.9,77.9,82.8,25.9,1797,14.75,45.04,52.7,2.99,141,5.15,35.2,5.06
Krishna_Delta,Rabi,Clay,Tube_Well,Cotton,2.38,6.05,3.92,72.9,66.4,75.1,27.2,990,15.06,81.42,40.3,3.44,128,4.78,18.3,4.12
Mahanadi_Delta,Rabi,Clay,Tube_Well,Cotton,3.71,6.81,3.48,97.4,45.9,79.5,25.1,1362,16.17,75.71,56.2,1.18,130,2.6,34.8,4.94
Brahmaputra_Floodplains,Kharif,Loam,Drip,Maize,2.31,6.54,2.23,102.2,58.6,81.3,24.4,1643,16.15,60.38,47.4,1.95,134,4.1,41.3,5.19
Kaveri_Basin,Kharif,Sandy_Loam,Drip,Cotton,3.89,6.27,2.21,107.6,56.5,75.1,28.9,1091,15.68,81.17,52.0,4.61,137,5.9,26.1,4.97
Brahmaputra_Floodplains,Kharif,Silt_Loam,Tube_Well,Cotton,3.18,6.36,2.49,94.4,32.4,62.5,27.7,1511,16.4,30.16,60.1,1.71,138,3.49,38.6,4.81
Mahanadi_Delta,Kharif,Sandy_Loam,Canal_Flood,Sugarcane,0.8,6.97,3.26,113.9,49.7,77.6,28.4,1446,16.16,67.57,51.4,2.35,138,9.69,28.8,5.57
Brahmaputra_Floodplains,Kharif,Loam,Tube_Well,Pulses,3.93,6.88,2.82,169.9,47.2,72.6,26.7,1659,16.5,54.88,46.8,2.34,145,5.42,45.8,5.45
Mahanadi_Delta,Kharif,Sandy_Loam,Tube_Well,Maize,2.89,6.09,2.7,145.0,53.8,60.9,26.3,1552,15.22,66.66,48.6,3.05,135,5.22,33.3,5.16
Krishna_Delta,Rabi,Sandy_Loam,Tube_Well,Cotton,2.96,6.17,3.0,89.0,61.6,64.3,28.5,1083,15.35,41.25,54.9,3.96,140,8.48,29.3,4.22
Godavari_Delta,Kharif,Loam,Drip,Sugarcane,3.19,6.5,3.0,89.5,43.6,48.5,29.5,1500,15.74,77.08,43.7,2.45,137,3.8,16.3,5.21
Brahmaputra_Floodplains,Summer,Silt_Loam,Tube_Well,Fallow,1.57,6.14,2.71,94.5,62.7,107.0,26.9,1543,16.67,86.94,48.2,1.64,133,6.17,51.0,4.62
Brahmaputra_Floodplains,Kharif,Sandy_Loam,Canal_Flood,Fallow,3.46,6.31,2.68,138.8,56.7,70.2,26.6,1703,15.54,85.47,49.8,3.5,141,4.41,37.6,5.18
Kaveri_Basin,Summer,Clay,Canal_Flood,Pulses,2.45,7.12,3.61,139.5,54.0,107.3,30.6,915,16.59,77.66,49.2,5.57,126,4.88,5.0,5.21
Godavari_Delta,Kharif,Sandy_Loam,Canal_Flood,Fallow,2.51,6.27,1.97,103.9,61.5,92.6,29.6,1310,15.37,47.78,44.5,4.43,141,7.5,14.8,4.8
Godavari_Delta,Rabi,Loam,Canal_Flood,Fallow,1.05,6.57,2.35,107.4,57.8,70.4,27.3,1208,15.57,74.74,55.8,4.13,129,8.66,16.0,4.75
Kaveri_Basin,Kharif,Silt_Loam,Canal_Flood,Fallow,1.92,5.95,2.89,125.0,50.7,78.3,28.4,1077,16.45,81.32,49.9,4.82,131,4.19,17.2,4.82
Mahanadi_Delta,Rabi,Clay,Canal_Flood,Cotton,3.32,6.37,3.92,92.6,77.5,87.6,25.3,1323,15.86,87.19,46.1,4.63,144,3.31,33.6,5.26
Krishna_Delta,Kharif,Sandy_Loam,Canal_Flood,Cotton,2.23,6.35,2.13,93.3,69.3,97.7,29.7,1201,17.35,95.83,58.8,2.42,134,4.36,27.0,4.62
Mahanadi_Delta,Rabi,Clay,Canal_Flood,Maize,3.18,6.53,3.46,120.1,58.4,72.0,24.6,1320,16.17,61.27,36.9,6.17,127,1.0,37.8,4.63
Brahmaputra_Floodplains,Summer,Silt_Loam,Drip,Maize,2.71,6.1,2.18,70.0,60.0,89.3,29.1,1220,18.72,54.99,56.6,1.36,122,4.56,48.7,4.0
Krishna_Delta,Kharif,Clay,Tube_Well,Sugarcane,1.44,6.77,2.69,121.1,54.5,63.6,28.5,1142,16.57,73.11,64.4,3.13,136,6.22,20.6,6.07
Kaveri_Basin,Kharif,Clay,Canal_Flood,Sugarcane,3.69,7.06,3.01,103.0,67.8,87.6,28.4,1110,15.92,70.15,53.4,3.9,138,3.19,9.1,4.92
Brahmaputra_Floodplains,Kharif,Clay,Canal_Flood,Sugarcane,1.49,6.4,2.81,117.1,71.2,62.6,26.6,1561,16.31,82.72,42.0,3.21,127,7.72,41.8,5.37
Mahanadi_Delta,Kharif,Sandy_Loam,Tube_Well,Sugarcane,2.56,6.59,2.11,103.8,58.2,100.9,28.6,1524,16.35,67.48,55.0,4.79,146,4.92,24.5,5.43
Mahanadi_Delta,Kharif,Clay,Canal_Flood,Sugarcane,1.72,6.53,3.93,109.4,68.7,76.0,28.4,1550,15.86,96.34,49.2,4.55,144,6.73,30.7,6.3
Brahmaputra_Floodplains,Summer,Sandy_Loam,Canal_Flood,Maize,2.72,6.49,2.65,108.9,54.6,79.4,27.9,1420,17.47,56.31,50.5,2.16,132,8.39,52.2,4.76
Brahmaputra_Floodplains,Rabi,Silt_Loam,Canal_Flood,Pulses,3.51,6.13,3.35,126.6,36.5,88.9,24.1,1343,16.42,73.88,45.9,4.61,138,3.6,51.9,5.24
Brahmaputra_Floodplains,Rabi,Clay,Canal_Flood,Pulses,2.99,6.16,3.08,115.9,40.6,85.9,25.6,1540,15.62,32.96,58.4,3.98,122,5.13,37.7,5.09
Krishna_Delta,Rabi,Clay,Tube_Well,Sugarcane,3.73,6.26,3.25,81.1,52.1,76.1,27.1,1012,15.39,67.44,55.5,3.03,124,7.81,23.8,4.65
Kaveri_Basin,Rabi,Clay,Tube_Well,Cotton,2.29,6.6,3.13,73.0,61.0,74.9,26.2,907,15.87,87.44,56.5,1.9,125,6.54,12.3,4.59
Krishna_Delta,Summer,Silt_Loam,Canal_Flood,Sugarcane,2.69,6.27,3.31,85.3,70.2,83.1,33.3,1016,17.39,63.93,57.9,6.69,126,7.23,18.3,4.46
Mahanadi_Delta,Rabi,Silt_Loam,Canal_Flood,Maize,1.24,6.15,3.77,86.2,41.7,83.1,27.2,1348,15.79,46.4,51.7,3.86,132,7.19,43.3,4.42
Brahmaputra_Floodplains,Kharif,Clay,Drip,Pulses,1.12,6.37,3.41,139.7,53.8,96.0,26.1,1506,15.95,62.95,49.6,2.55,139,6.47,39.0,6.52
Godavari_Delta,Rabi,Silt_Loam,Drip,Cotton,2.29,6.39,2.77,70.0,64.7,98.7,28.2,1178,15.6,64.38,52.4,2.65,131,7.4,23.6,5.57
Kaveri_Basin,Kharif,Loam,Drip,Pulses,2.92,6.45,3.87,151.7,62.1,51.1,29.4,1330,15.46,45.46,59.3,5.81,140,4.6,5.0,6.24
Godavari_Delta,Rabi,Loam,Tube_Well,Cotton,2.93,6.88,2.87,89.5,51.0,98.3,27.1,1218,15.06,35.23,45.9,7.02,133,7.39,14.0,4.87
Kaveri_Basin,Kharif,Clay,Canal_Flood,Cotton,1.68,5.99,3.3,117.3,60.4,101.4,29.1,984,16.57,76.26,60.5,4.49,142,5.67,13.0,5.11
Mahanadi_Delta,Kharif,Sandy_Loam,Canal_Flood,Fallow,2.81,6.17,2.74,128.7,70.4,89.6,26.8,1298,16.88,51.82,60.8,2.92,133,3.98,30.0,5.38
Brahmaputra_Floodplains,Kharif,Silt_Loam,Drip,Fallow,1.54,6.37,2.6,114.6,55.2,73.0,25.4,1610,14.94,80.43,43.3,3.81,137,7.36,51.2,5.35
Godavari_Delta,Summer,Sandy_Loam,Tube_Well,Sugarcane,2.3,6.24,2.88,77.2,63.6,87.1,32.4,1245,17.56,75.41,59.8,3.5,118,5.89,25.5,4.61
Brahmaputra_Floodplains,Kharif,Loam,Canal_Flood,Cotton,2.68,6.77,2.13,88.7,45.1,92.1,26.8,1664,14.75,69.54,52.3,3.17,138,2.01,27.9,4.46
Kaveri_Basin,Kharif,Clay,Canal_Flood,Cotton,2.28,6.71,3.25,98.6,65.4,80.5,26.8,1154,17.67,106.37,49.2,6.78,138,5.27,25.8,5.15
Godavari_Delta,Kharif,Clay,Canal_Flood,Cotton,3.96,6.72,3.66,107.0,74.8,75.1,27.6,1428,16.02,72.27,48.7,4.25,139,9.58,18.5,5.28
Godavari_Delta,Kharif,Clay,Tube_Well,Maize,0.9,6.85,4.3,107.1,61.0,53.8,29.1,1569,16.59,32.13,50.8,2.34,142,7.61,23.4,4.99
Godavari_Delta,Summer,Sandy_Loam,Canal_Flood,Fallow,4.12,5.96,2.41,89.1,47.9,81.7,30.8,1384,18.42,80.92,48.7,2.32,126,6.32,14.4,4.21
Kaveri_Basin,Kharif,Clay,Canal_Flood,Cotton,3.68,6.06,3.12,102.1,50.0,68.4,28.7,1325,17.26,80.9,57.4,3.74,139,6.78,11.6,5.26
Godavari_Delta,Kharif,Clay,Canal_Flood,Cotton,1.6,6.11,3.71,130.9,48.5,116.5,29.9,1347,16.67,41.37,47.4,5.31,135,6.44,15.4,4.82
Mahanadi_Delta,Summer,Clay,Drip,Cotton,3.91,6.35,3.44,86.4,37.9,87.5,32.0,1431,16.56,72.76,43.2,4.28,136,4.61,33.3,4.14
Mahanadi_Delta,Kharif,Loam,Canal_Flood,Pulses,1.27,6.53,3.7,115.7,50.6,70.1,28.0,1343,16.48,76.46,48.2,4.63,140,5.53,25.9,4.84
Godavari_Delta,Kharif,Silt_Loam,Drip,Fallow,2.89,6.81,3.62,126.9,56.2,65.8,29.6,1381,15.75,61.52,53.1,1.82,138,7.35,11.4,6.02
Brahmaputra_Floodplains,Rabi,Silt_Loam,Canal_Flood,Pulses,1.54,6.46,2.76,88.0,45.6,81.5,24.5,1594,15.53,55.19,56.9,6.25,136,5.99,41.6,4.29
Mahanadi_Delta,Kharif,Silt_Loam,Tube_Well,Sugarcane,2.56,6.07,3.43,127.0,48.8,101.3,28.6,1378,16.31,72.84,59.1,1.95,146,7.86,33.8,6.12
Kaveri_Basin,Kharif,Sandy_Loam,Canal_Flood,Cotton,3.94,6.89,2.09,131.1,34.2,75.2,27.4,1090,16.72,94.07,61.9,0.84,140,2.65,5.0,4.34
Krishna_Delta,Summer,Clay,Tube_Well,Cotton,0.81,6.15,3.81,79.6,63.6,75.0,31.9,1123,19.26,62.32,53.5,4.33,133,7.09,28.5,3.69
Krishna_Delta,Kharif,Loam,Tube_Well,Sugarcane,1.53,6.66,2.56,132.3,46.8,96.5,29.4,1227,14.15,65.68,44.2,0.69,134,2.55,25.7,5.78
Godavari_Delta,Summer,Sandy_Loam,Tube_Well,Fallow,0.8,6.12,1.81,98.5,42.6,88.9,31.5,1266,17.33,67.23,46.0,3.7,125,6.37,22.7,4.16
Mahanadi_Delta,Rabi,Sandy_Loam,Drip,Cotton,3.11,6.21,2.77,97.9,50.1,69.6,25.3,1220,15.71,70.79,50.1,2.96,128,5.28,29.8,4.36
Mahanadi_Delta,Kharif,Silt_Loam,Drip,Pulses,4.75,6.78,2.74,121.9,55.9,79.3,28.9,1531,15.77,87.74,38.9,3.08,137,4.64,20.6,5.72
Kaveri_Basin,Kharif,Sandy_Loam,Canal_Flood,Pulses,2.3,6.04,1.64,134.6,43.7,67.1,27.3,1148,17.37,60.64,53.7,4.42,138,5.96,18.2,4.82
Godavari_Delta,Rabi,Silt_Loam,Canal_Flood,Cotton,3.33,6.58,2.48,95.3,55.6,85.4,27.2,1162,16.21,64.29,50.2,6.23,135,6.77,23.0,4.67
Kaveri_Basin,Kharif,Clay,Tube_Well,Fallow,0.8,6.38,4.19,135.1,51.4,94.4,26.8,1026,16.23,58.3,46.8,2.98,130,6.34,12.1,5.92
Brahmaputra_Floodplains,Summer,Loam,Canal_Flood,Maize,4.26,6.6,2.46,76.1,56.9,75.9,28.3,1418,17.42,76.72,48.2,3.71,127,4.48,41.9,4.14
Godavari_Delta,Kharif,Silt_Loam,Canal_Flood,Fallow,3.08,6.18,3.62,128.9,68.1,81.5,28.1,1443,15.45,63.4,44.7,4.36,147,7.42,13.4,5.29
Godavari_Delta,Kharif,Clay,Canal_Flood,Cotton,3.87,6.56,3.13,77.1,42.0,100.2,27.6,1318,15.22,102.79,49.7,5.59,143,6.22,14.9,4.03
Kaveri_Basin,Kharif,Sandy_Loam,Canal_Flood,Fallow,3.91,6.05,2.25,97.9,60.5,60.6,27.8,1054,17.25,52.92,52.5,8.9,142,3.77,17.1,4.12
Brahmaputra_Floodplains,Rabi,Clay,Tube_Well,Cotton,2.75,6.77,2.81,89.6,60.9,68.0,25.1,1476,14.48,55.37,48.3,4.36,129,3.08,46.2,4.03
Godavari_Delta,Kharif,Sandy_Loam,Canal_Flood,Cotton,2.03,5.95,2.24,96.6,64.2,84.3,27.8,1296,15.02,78.28,52.4,3.25,134,6.32,18.5,4.65
Kaveri_Basin,Rabi,Loam,Canal_Flood,Fallow,1.9,6.97,3.46,112.8,54.5,86.8,27.1,864,15.43,64.94,44.3,8.33,138,4.92,10.4,4.48
Krishna_Delta,Rabi,Silt_Loam,Canal_Flood,Fallow,3.2,6.6,2.88,86.2,54.1,65.8,27.5,1021,16.32,99.37,50.9,5.05,133,11.56,20.9,4.61
Kaveri_Basin,Kharif,Sandy_Loam,Drip,Maize,2.31,6.12,2.62,95.5,48.0,80.3,26.9,1073,15.87,82.49,47.4,2.67,136,5.06,8.5,4.74
Kaveri_Basin,Summer,Sandy_Loam,Drip,Maize,1.47,6.02,2.24,110.2,64.0,70.8,30.8,1104,16.5,63.67,54.2,0.31,127,2.54,18.8,4.99
Godavari_Delta,Kharif,Sandy_Loam,Drip,Sugarcane,2.57,6.37,2.54,124.6,59.2,101.6,29.6,1374,17.5,38.71,46.6,2.02,138,6.94,25.3,5.39
Mahanadi_Delta,Kharif,Sandy_Loam,Canal_Flood,Pulses,3.09,6.22,3.36,116.1,52.8,89.8,27.7,1424,15.5,81.25,55.9,5.88,135,5.96,32.7,5.11
Brahmaputra_Floodplains,Rabi,Silt_Loam,Canal_Flood,Maize,3.28,5.99,2.78,121.4,69.0,75.2,24.3,1422,15.07,90.32,55.0,5.46,118,6.92,43.1,4.41
Kaveri_Basin,Summer,Silt_Loam,Drip,Cotton,3.3,6.45,3.36,86.1,51.9,79.5,30.2,1047,17.78,63.41,44.1,1.13,134,4.96,10.3,4.68
Mahanadi_Delta,Kharif,Silt_Loam,Canal_Flood,Fallow,3.9,6.55,2.79,114.4,58.4,73.9,28.1,1624,16.74,60.1,46.6,3.82,143,1.0,29.1,5.03
Kaveri_Basin,Summer,Sandy_Loam,Canal_Flood,Fallow,2.58,6.17,1.94,106.1,50.6,75.8,30.0,973,17.02,54.88,42.8,5.71,127,5.01,5.8,3.83
Mahanadi_Delta,Kharif,Loam,Tube_Well,Sugarcane,2.25,6.49,2.89,115.4,50.2,78.1,27.5,1464,16.06,80.9,49.0,0.83,148,7.5,34.3,5.14
Krishna_Delta,Summer,Loam,Tube_Well,Pulses,3.4,6.45,3.08,113.2,37.8,64.8,33.4,1148,17.08,38.49,50.9,1.75,152,4.81,21.1,4.78
Krishna_Delta,Kharif,Sandy_Loam,Canal_Flood,Cotton,0.8,5.95,2.15,115.7,57.3,89.5,30.2,1285,15.5,74.95,45.6,5.74,130,8.67,21.1,4.4
Godavari_Delta,Kharif,Clay,Canal_Flood,Sugarcane,1.88,6.1,3.87,122.0,59.0,66.9,30.6,1323,16.64,57.56,37.1,6.33,139,6.79,19.7,4.71
Brahmaputra_Floodplains,Kharif,Clay,Canal_Flood,Fallow,3.45,6.39,3.18,103.4,43.4,90.3,26.0,1600,15.97,110.58,54.3,3.56,136,5.56,43.3,5.25
Krishna_Delta,Kharif,Loam,Canal_Flood,Cotton,3.15,6.49,1.86,107.9,74.5,86.9,30.3,1179,16.05,58.69,60.4,3.48,133,8.3,25.5,5.51
Mahanadi_Delta,Kharif,Sandy_Loam,Drip,Sugarcane,3.82,6.49,2.67,131.3,47.2,77.8,26.2,1536,14.71,79.28,46.9,1.89,131,6.15,28.3,5.46
Godavari_Delta,Kharif,Sandy_Loam,Tube_Well,Fallow,2.53,6.45,2.98,106.9,67.6,79.9,28.3,1286,15.94,89.5,58.7,1.67,130,9.38,18.9,5.76
Godavari_Delta,Kharif,Silt_Loam,Tube_Well,Maize,0.8,6.51,2.87,130.4,56.6,79.5,28.2,1347,16.16,65.22,54.7,2.99,133,6.99,5.0,5.91
Kaveri_Basin,Rabi,Silt_Loam,Tube_Well,Maize,3.23,6.45,2.68,70.1,62.0,72.1,26.7,898,16.77,27.08,42.5,3.02,138,3.76,11.4,5.32
Kaveri_Basin,Rabi,Clay,Tube_Well,Maize,1.57,6.36,3.63,116.1,36.5,82.7,26.6,1002,13.44,56.72,53.3,5.73,140,5.81,9.3,5.49
Mahanadi_Delta,Summer,Clay,Tube_Well,Maize,1.29,5.79,2.25,87.7,68.7,84.6,30.0,1432,16.9,37.31,56.8,5.52,118,1.0,44.9,4.72
Krishna_Delta,Kharif,Silt_Loam,Tube_Well,Pulses,2.16,6.47,2.78,149.2,52.8,83.2,29.4,1365,16.9,88.21,54.5,6.53,140,8.6,21.4,6.09
Brahmaputra_Floodplains,Rabi,Sandy_Loam,Canal_Flood,Maize,2.95,6.53,1.82,92.0,60.7,75.9,24.2,1423,14.5,78.53,47.3,4.36,133,6.48,46.0,4.31
Krishna_Delta,Summer,Clay,Tube_Well,Fallow,2.65,6.47,2.94,93.8,61.3,93.0,31.8,1179,17.31,69.79,37.6,0.85,135,9.5,32.3,5.02
Krishna_Delta,Rabi,Clay,Canal_Flood,Fallow,1.24,6.26,3.75,107.9,46.8,72.9,27.8,1154,15.32,96.53,53.6,4.06,145,6.86,26.6,4.6
Godavari_Delta,Kharif,Silt_Loam,Tube_Well,Maize,3.61,6.55,2.49,104.3,39.8,88.8,28.3,1314,16.48,41.95,58.9,4.66,142,7.54,15.5,5.62
Brahmaputra_Floodplains,Kharif,Silt_Loam,Canal_Flood,Pulses,2.03,6.22,3.52,137.9,54.4,92.1,26.6,1751,16.69,98.08,58.9,3.71,133,6.26,32.4,6.4
Kaveri_Basin,Rabi,Loam,Drip,Pulses,1.27,6.73,2.64,124.2,41.4,66.2,27.3,885,16.01,59.57,55.7,2.07,128,5.14,18.3,5.6
Godavari_Delta,Rabi,Clay,Drip,Fallow,1.69,5.96,2.68,89.3,41.9,62.8,29.2,973,14.34,100.43,45.6,1.86,140,6.55,12.2,3.69
Brahmaputra_Floodplains,Kharif,Sandy_Loam,Canal_Flood,Cotton,2.27,6.44,2.51,117.5,44.8,94.6,25.6,1577,14.71,50.87,63.6,3.6,133,4.49,46.3,4.69
Krishna_Delta,Summer,Loam,Tube_Well,Cotton,1.0,6.93,3.48,86.6,57.5,80.1,33.0,947,17.83,87.47,52.0,3.99,128,5.89,22.9,4.02
Mahanadi_Delta,Kharif,Clay,Canal_Flood,Maize,4.37,6.06,2.98,109.3,69.9,64.4,28.9,1451,17.76,67.32,60.5,4.22,130,1.0,28.0,5.65
Kaveri_Basin,Rabi,Clay,Tube_Well,Cotton,3.87,6.17,4.11,70.0,48.5,75.6,26.1,847,15.62,53.87,54.7,1.68,136,4.27,10.2,5.17
Kaveri_Basin,Rabi,Clay,Canal_Flood,Cotton,3.22,6.25,3.65,107.6,72.9,67.4,24.8,964,14.64,85.2,62.0,5.86,129,3.7,22.7,4.55
Mahanadi_Delta,Rabi,Sandy_Loam,Canal_Flood,Maize,2.19,6.33,2.25,95.3,54.6,81.1,24.9,1274,16.14,69.93,53.5,3.23,140,4.75,20.1,4.51
Brahmaputra_Floodplains,Kharif,Sandy_Loam,Canal_Flood,Pulses,5.04,5.64,2.6,128.9,68.4,83.5,25.5,1572,15.77,88.61,51.1,3.78,149,4.74,32.1,4.98
Godavari_Delta,Kharif,Silt_Loam,Drip,Cotton,1.65,6.66,2.39,98.9,54.9,66.6,30.4,1476,15.79,91.6,43.2,1.63,133,6.48,22.6,4.99
Kaveri_Basin,Rabi,Loam,Canal_Flood,Cotton,2.68,6.28,3.35,108.4,62.7,79.3,25.4,987,17.06,66.32,49.0,6.75,136,8.3,18.7,4.68
Brahmaputra_Floodplains,Summer,Silt_Loam,Canal_Flood,Pulses,2.54,6.58,2.62,101.4,46.2,79.1,29.7,1437,18.55,59.39,47.2,4.24,124,6.97,41.1,4.75
Mahanadi_Delta,Kharif,Clay,Tube_Well,Sugarcane,2.19,6.59,3.96,145.2,59.0,92.2,26.8,1468,14.36,53.47,54.7,0.36,125,6.05,31.1,5.84
Krishna_Delta,Rabi,Loam,Canal_Flood,Pulses,2.81,6.33,3.23,123.2,62.3,75.1,26.0,880,15.22,66.57,50.2,6.61,130,8.22,20.8,4.7
Krishna_Delta,Kharif,Loam,Drip,Cotton,2.96,6.61,2.32,121.5,51.8,45.0,30.1,1174,15.29,76.49,47.2,0.0,142,9.12,18.6,5.38
Godavari_Delta,Kharif,Silt_Loam,Canal_Flood,Cotton,4.32,6.87,2.86,72.7,57.2,116.2,29.3,1488,16.3,75.49,53.1,5.04,130,6.26,20.0,4.96
Kaveri_Basin,Summer,Loam,Canal_Flood,Maize,2.12,6.23,2.81,90.6,39.4,74.4,31.1,1043,16.86,71.89,54.4,2.07,129,4.83,16.9,5.11
Godavari_Delta,Kharif,Clay,Tube_Well,Sugarcane,2.86,6.46,3.98,105.6,41.6,72.0,29.6,1496,14.62,71.39,43.2,0.0,138,6.5,29.1,6.03
Brahmaputra_Floodplains,Kharif,Loam,Tube_Well,Sugarcane,3.85,6.78,3.5,123.4,65.4,65.4,27.6,1570,15.68,80.1,53.7,0.77,139,6.62,48.5,5.53
Godavari_Delta,Kharif,Loam,Canal_Flood,Pulses,3.43,6.79,2.49,152.7,67.2,64.8,30.3,1468,17.55,49.36,62.4,2.78,129,9.92,23.7,6.57
Mahanadi_Delta,Rabi,Sandy_Loam,Canal_Flood,Fallow,1.73,6.19,2.95,103.5,64.8,96.5,26.1,1252,14.85,54.36,46.2,6.25,130,3.34,31.1,4.66
Krishna_Delta,Kharif,Clay,Canal_Flood,Pulses,2.74,6.21,2.88,142.6,58.4,88.4,30.1,1086,17.06,88.95,46.6,5.88,138,5.07,30.9,5.3
Kaveri_Basin,Summer,Silt_Loam,Canal_Flood,Fallow,3.17,6.71,2.49,113.3,55.5,89.4,32.0,1025,18.21,62.22,57.8,1.24,125,5.42,20.1,4.72
Godavari_Delta,Rabi,Silt_Loam,Tube_Well,Pulses,1.99,6.53,2.4,113.6,54.9,86.8,26.3,1228,14.6,103.27,52.6,2.43,137,5.98,16.8,5.91
Krishna_Delta,Kharif,Silt_Loam,Drip,Maize,3.03,6.54,3.29,95.0,52.0,82.3,30.9,1193,17.19,84.79,49.9,3.14,141,4.69,32.0,5.63
Kaveri_Basin,Summer,Sandy_Loam,Canal_Flood,Cotton,2.65,5.84,2.21,92.8,66.4,85.8,29.5,1134,17.31,46.76,50.8,3.47,121,6.12,23.5,4.27
Mahanadi_Delta,Kharif,Clay,Canal_Flood,Maize,2.03,6.25,3.55,136.3,49.2,65.4,27.3,1449,15.28,71.2,47.3,2.82,129,5.29,34.8,5.48
Brahmaputra_Floodplains,Kharif,Sandy_Loam,Canal_Flood,Fallow,3.62,6.57,2.9,118.1,60.0,64.5,26.2,1609,15.57,84.65,61.3,3.6,137,3.87,36.9,5.36
Mahanadi_Delta,Rabi,Sandy_Loam,Canal_Flood,Sugarcane,2.05,6.36,2.27,79.9,73.2,81.0,25.6,1278,14.95,77.89,47.8,6.11,127,3.18,29.1,3.92
Krishna_Delta,Kharif,Silt_Loam,Canal_Flood,Cotton,1.67,6.41,2.7,99.5,46.8,64.4,30.2,1101,16.56,49.66,59.1,3.75,138,6.39,13.8,4.89
Brahmaputra_Floodplains,Kharif,Silt_Loam,Canal_Flood,Sugarcane,3.26,6.46,3.32,145.8,49.3,85.6,27.0,1661,15.65,69.19,46.6,2.44,138,9.06,42.1,5.93
Godavari_Delta,Kharif,Sandy_Loam,Canal_Flood,Maize,3.32,6.25,1.98,101.0,66.0,72.0,28.3,1372,17.37,74.15,56.4,6.04,146,3.82,14.2,4.44
Mahanadi_Delta,Rabi,Loam,Tube_Well,Cotton,0.8,6.9,2.39,104.9,53.9,69.1,27.8,1282,15.84,54.26,46.4,0.0,123,7.94,26.4,5.13
Godavari_Delta,Kharif,Loam,Canal_Flood,Maize,3.97,6.55,2.56,131.3,60.2,90.4,30.3,1476,16.61,52.23,51.5,1.94,144,4.29,22.1,5.71
Krishna_Delta,Kharif,Clay,Canal_Flood,Pulses,2.4,6.5,4.15,148.0,53.6,66.3,30.3,1282,16.37,66.36,43.3,5.92,133,5.82,16.4,5.67
Krishna_Delta,Kharif,Silt_Loam,Drip,Fallow,2.77,6.58,1.9,119.7,48.8,74.3,29.9,1150,15.22,44.11,48.0,1.43,128,8.64,19.9,5.6
Mahanadi_Delta,Rabi,Silt_Loam,Canal_Flood,Sugarcane,1.78,6.31,2.96,103.5,41.9,91.8,26.7,1214,15.42,44.99,50.0,5.98,128,3.34,34.4,4.89
Brahmaputra_Floodplains,Kharif,Clay,Drip,Sugarcane,2.43,6.04,3.5,113.1,62.7,69.5,25.8,1616,15.25,97.62,50.6,4.59,141,3.15,40.6,5.78
Mahanadi_Delta,Kharif,Loam,Canal_Flood,Cotton,1.23,6.61,2.14,119.4,48.0,72.0,26.6,1532,17.32,100.91,57.0,5.21,132,3.15,46.5,4.83
Mahanadi_Delta,Summer,Clay,Canal_Flood,Maize,0.8,6.74,3.51,75.6,69.0,87.7,31.0,1401,17.86,52.08,47.9,4.17,136,4.14,34.4,4.63
Krishna_Delta,Rabi,Silt_Loam,Tube_Well,Cotton,2.31,6.36,2.91,78.9,58.1,79.6,27.0,1056,16.75,37.8,54.7,5.39,132,3.87,23.3,4.61
Godavari_Delta,Kharif,Sandy_Loam,Drip,Pulses,2.09,6.52,2.8,148.3,61.2,76.4,32.4,1363,16.52,60.99,54.3,4.34,129,7.16,17.3,5.98
Kaveri_Basin,Kharif,Clay,Canal_Flood,Pulses,2.09,6.23,3.9,120.1,56.2,83.3,28.0,1040,15.77,47.16,57.4,2.54,142,2.62,9.6,5.13
Krishna_Delta,Kharif,Clay,Canal_Flood,Fallow,3.72,6.49,3.54,110.4,45.6,93.0,28.4,1222,16.51,84.74,50.6,2.59,152,7.31,23.0,4.83
Krishna_Delta,Summer,Loam,Drip,Sugarcane,2.63,6.94,2.43,84.1,61.6,99.4,31.1,1089,18.53,53.92,39.9,3.31,125,6.9,28.0,4.46
Brahmaputra_Floodplains,Kharif,Clay,Tube_Well,Pulses,2.61,6.17,3.01,136.9,59.1,91.0,26.6,1633,15.69,55.29,49.3,3.98,129,7.47,40.2,5.49
Brahmaputra_Floodplains,Kharif,Loam,Canal_Flood,Maize,2.27,6.11,2.87,122.0,47.9,81.0,26.5,1832,16.46,66.27,50.8,3.87,147,4.09,44.1,5.48
Godavari_Delta,Kharif,Loam,Tube_Well,Cotton,1.94,7.12,2.29,120.3,56.4,60.3,29.9,1378,17.65,23.54,42.1,5.8,136,10.26,10.0,4.93
Kaveri_Basin,Rabi,Loam,Tube_Well,Sugarcane,2.8,6.68,3.29,70.7,51.8,79.6,27.2,1010,15.99,79.78,39.1,3.63,131,8.02,17.2,4.89
Godavari_Delta,Rabi,Clay,Tube_Well,Cotton,2.51,6.55,3.16,110.5,59.6,106.6,27.1,1065,16.03,73.83,44.1,1.09,137,9.52,17.6,5.14
Krishna_Delta,Kharif,Sandy_Loam,Canal_Flood,Cotton,2.28,5.95,2.86,102.1,46.2,71.1,29.1,1185,16.14,67.28,40.8,3.34,136,8.12,29.6,4.87
Kaveri_Basin,Rabi,Silt_Loam,Canal_Flood,Sugarcane,3.13,6.77,2.58,96.7,37.3,81.8,26.4,921,15.75,67.58,58.5,4.2,136,5.71,16.2,4.77
Mahanadi_Delta,Kharif,Loam,Tube_Well,Pulses,2.52,6.34,2.42,128.5,57.6,76.8,28.1,1410,15.57,77.18,58.5,5.1,134,4.9,36.0,5.66
Mahanadi_Delta,Kharif,Silt_Loam,Drip,Fallow,2.49,7.01,3.89,104.5,65.2,86.0,28.3,1643,14.09,77.6,56.3,3.45,134,5.91,36.5,5.32
Godavari_Delta,Kharif,Loam,Canal_Flood,Pulses,3.52,6.72,3.12,152.1,69.4,64.1,29.3,1525,16.85,63.06,59.9,5.15,126,9.54,28.7,6.09
Godavari_Delta,Kharif,Sandy_Loam,Drip,Pulses,3.42,6.27,2.26,132.4,65.2,80.6,27.9,1571,15.79,66.45,45.4,1.37,141,6.49,17.8,5.97
Godavari_Delta,Kharif,Loam,Canal_Flood,Cotton,2.47,6.47,3.45,118.2,67.2,66.0,30.0,1464,15.75,72.22,44.1,5.54,138,10.28,14.1,4.98
Kaveri_Basin,Summer,Sandy_Loam,Canal_Flood,Cotton,3.51,6.39,2.41,90.2,53.9,74.0,29.5,1063,16.46,35.56,54.8,5.14,132,6.41,16.8,4.04
Mahanadi_Delta,Rabi,Silt_Loam,Tube_Well,Cotton,3.25,6.39,2.09,90.1,65.8,67.0,26.2,1111,14.65,48.35,44.3,7.71,139,3.95,36.6,3.35
Brahmaputra_Floodplains,Kharif,Loam,Drip,Fallow,3.48,6.42,3.22,124.7,63.7,97.6,26.7,1624,16.8,57.98,49.3,3.82,145,4.04,42.5,6.26
Kaveri_Basin,Kharif,Loam,Canal_Flood,Cotton,3.15,6.66,1.54,101.9,55.8,94.9,27.6,1088,15.7,53.21,51.7,3.36,135,5.96,14.9,4.3
Godavari_Delta,Kharif,Clay,Drip,Pulses,1.64,6.17,2.94,147.0,54.8,65.7,29.1,1388,17.44,55.26,45.2,3.33,148,6.81,11.9,6.01
Brahmaputra_Floodplains,Kharif,Loam,Tube_Well,Cotton,3.26,6.5,4.01,112.4,48.9,88.8,27.0,1605,16.4,101.85,61.8,3.66,135,5.8,38.4,5.77
Kaveri_Basin,Kharif,Loam,Drip,Fallow,3.32,6.33,2.42,128.0,61.5,77.6,28.7,978,17.26,63.23,52.5,3.25,138,6.46,8.2,5.63
Godavari_Delta,Kharif,Loam,Canal_Flood,Cotton,2.76,6.81,1.37,122.8,58.6,75.2,29.7,1469,16.82,75.71,47.2,2.17,131,5.67,35.2,5.07
Godavari_Delta,Kharif,Clay,Tube_Well,Pulses,3.43,6.29,4.01,101.5,46.8,100.0,29.5,1450,16.29,61.83,44.7,3.42,152,4.62,25.0,5.62
Brahmaputra_Floodplains,Kharif,Clay,Canal_Flood,Sugarcane,2.15,6.66,4.69,131.6,62.6,74.1,25.9,1618,15.44,102.4,56.1,7.59,136,3.25,55.4,5.19
Godavari_Delta,Kharif,Sandy_Loam,Canal_Flood,Maize,2.96,6.36,3.16,129.8,59.2,78.8,30.1,1407,15.56,86.28,63.1,4.88,135,7.88,11.2,5.2
Kaveri_Basin,Summer,Loam,Drip,Maize,2.24,6.42,2.4,98.7,52.2,75.5,31.1,966,18.24,80.88,45.5,5.15,135,6.47,5.8,4.47
Brahmaputra_Floodplains,Summer,Sandy_Loam,Canal_Flood,Fallow,3.64,6.67,3.04,97.5,54.1,76.8,30.2,1460,18.12,74.35,51.0,2.09,129,4.48,43.1,4.49
Kaveri_Basin,Kharif,Silt_Loam,Tube_Well,Cotton,2.16,6.76,3.44,122.2,56.2,86.7,28.6,1045,16.49,49.15,57.2,3.73,153,5.76,15.5,5.67
Mahanadi_Delta,Kharif,Silt_Loam,Tube_Well,Cotton,2.66,6.84,2.93,98.3,51.6,70.3,27.3,1544,17.38,76.04,69.2,1.05,148,6.62,34.8,5.32
Kaveri_Basin,Kharif,Loam,Canal_Flood,Sugarcane,1.8,6.69,2.48,138.3,64.3,75.5,28.8,1004,16.12,64.75,48.9,3.55,134,5.2,6.3,5.04
Krishna_Delta,Rabi,Sandy_Loam,Drip,Cotton,3.06,6.64,2.56,82.4,69.4,77.6,28.4,1061,14.4,82.93,43.7,4.86,119,8.79,21.0,4.15
Kaveri_Basin,Kharif,Sandy_Loam,Drip,Sugarcane,4.06,6.52,3.14,111.3,54.2,70.2,29.3,1057,16.42,57.23,48.1,4.48,136,6.1,6.0,5.79
Brahmaputra_Floodplains,Rabi,Clay,Drip,Fallow,2.47,5.94,3.86,112.1,42.4,80.5,25.3,1350,13.5,88.03,54.0,6.3,133,4.62,46.1,4.66
Brahmaputra_Floodplains,Rabi,Loam,Drip,Maize,2.09,6.36,1.56,89.9,43.3,73.1,27.8,1277,15.54,33.45,55.3,4.73,131,3.11,41.6,4.65
Brahmaputra_Floodplains,Summer,Clay,Canal_Flood,Pulses,4.28,6.39,2.82,123.2,38.5,70.7,29.0,1581,18.05,77.02,48.5,1.9,133,4.48,48.7,4.52
Brahmaputra_Floodplains,Kharif,Clay,Tube_Well,Pulses,3.29,6.03,3.36,115.5,50.2,79.1,26.9,1572,16.42,48.4,54.7,4.76,138,1.8,39.4,5.25
Godavari_Delta,Kharif,Loam,Tube_Well,Cotton,2.58,6.73,3.58,101.3,57.1,81.6,30.2,1315,16.61,87.8,56.6,2.17,138,7.82,23.6,5.46
Krishna_Delta,Kharif,Silt_Loam,Tube_Well,Pulses,3.92,6.35,3.42,129.4,63.4,63.6,29.0,1254,16.39,104.7,52.2,1.9,149,6.19,21.6,6.27
Brahmaputra_Floodplains,Summer,Clay,Canal_Flood,Pulses,3.39,6.41,3.61,105.5,46.1,86.6,28.5,1492,17.64,70.51,52.4,5.94,123,5.51,41.4,4.85
Kaveri_Basin,Kharif,Clay,Drip,Pulses,3.24,6.16,2.81,153.5,48.4,70.7,28.9,1130,15.94,86.45,50.4,1.75,130,6.06,21.6,5.91
Kaveri_Basin,Kharif,Silt_Loam,Drip,Pulses,2.86,6.4,3.19,148.4,44.7,94.3,27.8,1187,17.25,70.71,58.3,0.18,143,5.4,6.9,6.58
Brahmaputra_Floodplains,Kharif,Clay,Drip,Fallow,3.56,6.15,3.9,127.7,55.3,73.6,26.3,1683,16.68,44.03,56.4,1.67,139,3.62,36.7,5.16
Kaveri_Basin,Kharif,Clay,Tube_Well,Fallow,1.72,6.38,3.33,122.2,69.9,75.9,26.6,1069,16.3,69.8,54.2,0.25,128,4.71,11.0,6.15
Godavari_Delta,Kharif,Silt_Loam,Drip,Sugarcane,2.58,6.78,3.46,121.5,51.1,67.5,28.8,1349,15.32,64.03,49.6,2.69,137,8.79,18.9,6.22
Brahmaputra_Floodplains,Kharif,Sandy_Loam,Canal_Flood,Sugarcane,2.85,6.06,2.29,145.8,41.1,76.3,27.0,1644,14.02,44.48,50.1,3.59,134,4.55,38.6,4.92
Mahanadi_Delta,Rabi,Silt_Loam,Tube_Well,Cotton,2.76,6.11,3.26,102.3,48.8,82.8,24.3,1329,16.16,72.69,57.4,1.36,133,5.93,32.0,4.72
Kaveri_Basin,Rabi,Clay,Tube_Well,Cotton,3.57,6.5,3.15,101.4,62.3,104.6,24.8,819,15.65,70.48,44.0,3.87,127,4.9,10.1,4.49
Godavari_Delta,Rabi,Clay,Tube_Well,Maize,2.23,6.4,3.49,95.7,59.3,73.7,27.0,1124,15.69,96.32,49.9,4.8,134,6.37,12.7,5.17
Godavari_Delta,Rabi,Clay,Canal_Flood,Cotton,3.05,7.11,3.6,85.7,59.2,91.6,27.7,1162,15.39,102.45,56.3,3.8,131,8.11,20.2,4.5
Kaveri_Basin,Summer,Loam,Drip,Cotton,3.1,6.97,2.62,81.7,67.2,81.1,32.4,1110,17.82,67.74,55.9,1.51,129,1.0,11.9,4.68
Krishna_Delta,Kharif,Loam,Canal_Flood,Fallow,3.72,6.88,2.73,125.8,48.2,80.3,28.5,1335,15.88,85.28,55.0,3.19,133,7.81,29.8,5.0
Krishna_Delta,Kharif,Sandy_Loam,Canal_Flood,Maize,3.17,6.97,2.42,124.8,50.1,88.2,29.7,1219,15.79,86.86,42.1,5.27,130,4.91,24.8,4.46
Kaveri_Basin,Kharif,Loam,Canal_Flood,Cotton,1.92,6.34,3.64,118.1,52.1,87.2,28.3,1256,16.62,72.5,47.3,4.36,136,7.08,15.3,4.89
Kaveri_Basin,Rabi,Silt_Loam,Canal_Flood,Maize,2.55,6.56,2.45,99.4,63.3,87.0,25.9,852,15.74,42.37,47.2,6.07,136,7.5,31.2,4.69
Kaveri_Basin,Kharif,Clay,Drip,Cotton,3.45,6.73,2.78,112.8,35.2,75.8,28.0,1200,16.6,96.4,56.3,2.95,132,4.46,11.8,5.43
Kaveri_Basin,Rabi,Clay,Canal_Flood,Fallow,4.29,6.08,3.12,101.2,64.0,98.8,24.5,744,14.4,85.49,52.3,4.85,141,8.71,17.3,4.76
Godavari_Delta,Rabi,Loam,Canal_Flood,Cotton,1.77,6.5,3.21,96.7,47.1,61.8,28.3,1191,17.12,43.48,53.8,3.19,137,7.15,19.1,4.8
Godavari_Delta,Rabi,Silt_Loam,Drip,Pulses,3.88,6.56,2.48,123.6,54.5,87.1,26.7,1076,15.14,49.47,54.8,4.02,123,9.14,7.9,5.96
Kaveri_Basin,Kharif,Sandy_Loam,Drip,Cotton,2.93,6.6,2.4,129.3,64.4,78.4,27.5,1178,16.47,63.11,47.3,0.0,152,6.12,5.9,5.42
Krishna_Delta,Rabi,Clay,Drip,Fallow,2.96,6.21,3.81,125.5,71.8,103.0,26.9,1063,17.13,78.04,50.1,1.43,126,7.96,32.9,6.65
Godavari_Delta,Kharif,Silt_Loam,Canal_Flood,Pulses,2.73,6.68,2.66,142.3,44.6,81.9,29.7,1335,17.92,75.61,48.8,4.7,136,10.4,28.2,5.41
Kaveri_Basin,Kharif,Clay,Canal_Flood,Cotton,2.6,6.3,2.6,116.5,47.3,88.0,27.4,1044,17.74,74.47,40.3,3.41,144,2.47,8.5,5.24
Kaveri_Basin,Kharif,Loam,Tube_Well,Maize,2.35,6.59,2.45,110.9,52.9,64.7,28.8,1096,16.43,76.91,51.8,4.36,123,1.89,19.0,4.69
Kaveri_Basin,Kharif,Sandy_Loam,Drip,Maize,3.48,6.01,2.21,125.1,55.7,88.3,27.2,1094,16.75,71.46,53.1,5.45,133,4.49,13.9,5.3
Kaveri_Basin,Kharif,Loam,Canal_Flood,Maize,4.88,6.69,2.75,126.7,62.9,93.6,28.0,1012,16.56,70.26,44.0,5.34,135,3.79,19.5,5.17
Kaveri_Basin,Kharif,Loam,Tube_Well,Pulses,2.15,6.03,3.12,136.8,61.1,69.8,27.7,1051,16.84,61.09,56.0,1.45,127,4.39,17.3,6.14
Mahanadi_Delta,Rabi,Sandy_Loam,Canal_Flood,Cotton,3.52,6.62,1.48,87.9,30.0,81.0,26.3,1361,14.15,76.67,44.1,3.81,136,6.09,29.7,3.42
Kaveri_Basin,Kharif,Clay,Tube_Well,Maize,6.5,6.16,2.68,142.6,55.1,77.9,27.5,1123,16.22,76.61,55.0,3.82,150,6.19,5.0,5.94
Kaveri_Basin,Rabi,Loam,Canal_Flood,Cotton,3.31,6.42,3.12,85.5,61.1,75.9,25.8,852,14.67,50.29,49.8,4.29,133,4.96,13.0,4.13
Kaveri_Basin,Kharif,Silt_Loam,Drip,Pulses,3.62,6.51,3.52,112.5,49.0,76.4,27.0,1153,16.15,49.21,47.0,3.36,136,4.46,6.3,5.96
Brahmaputra_Floodplains,Kharif,Loam,Tube_Well,Fallow,2.58,6.94,2.58,129.1,53.6,89.0,26.3,1721,16.5,68.41,64.4,4.92,149,4.28,38.5,5.44
Krishna_Delta,Rabi,Loam,Canal_Flood,Maize,3.66,6.34,2.75,86.2,52.5,89.5,28.0,1053,15.19,73.09,59.1,2.98,127,3.89,20.7,4.73
